"CTUID","DGUID","CTNAME","LANDAREA","PRUID","OBJECTID","AREA_IN_HA","Shape__Are","Shape__Len","gs_area_m2","ct_area_m2","gs_pct","Shape Area","Type","Households","Quality Flags","Dwellings 2016","name","CMA_UID","Population","Households 2016","Dwellings","CSD_UID","Population 2016","CD_UID","Region Name","Area (sq km)","med_income"
"5370001.08","2021S05075370001.08","0001.08",1.6383,"35",1,114882.0165,1148820165.94531,177180.874408725,227826.731530536,1726463.59182771,13.1961503624498,1.6383,"CT",2132,"0",2063,"0001.08","35537",6727,2051,2156,"3525005",6556,"3525","0001.08",1.6383,108000
"5370001.09","2021S05075370001.09","0001.09",1.9699,"35",1,114882.0165,1148820165.94531,177180.874408725,194099.021513518,2076022.07611336,9.34956442644877,1.9699,"CT",1440,"0",1406,"0001.09","35537",4691,1389,1456,"3525005",4566,"3525","0001.09",1.9699,108000
"5370120.02","2021S05075370120.02","0120.02",76.965,"35",1,114882.0165,1148820165.94531,177180.874408725,42553.9725723918,81624241.5925673,0.0521339883129362,76.965,"CT",669,"0",712,"0120.02","35537",2037,692,700,"3525005",2163,"3525","0120.02",76.965,121000
"5370140.04","2021S05075370140.04","0140.04",3.027,"35",1,114882.0165,1148820165.94531,177180.874408725,103611.994822584,3179543.41910081,3.25870671242119,3.027,"CT",1368,"0",1313,"0140.04","35537",3864,1300,1382,"3525005",3634,"3525","0140.04",3.027,137000
"5430200.00","2021S05075430200.00","0200.00",86.4527,"35",1,114882.0165,1148820165.94531,177180.874408725,0,662.377003958816,0,NA,NA,NA,NA,NA,NA,NA,NA,NA,NA,NA,NA,NA,NA,NA,NA
"5430201.00","2021S05075430201.00","0201.00",206.3338,"35",1,114882.0165,1148820165.94531,177180.874408725,0,62449.6944397573,0,NA,NA,NA,NA,NA,NA,NA,NA,NA,NA,NA,NA,NA,NA,NA,NA
"5370006.00","2021S05075370006.00","0006.00",2.2035,"35",1,114882.0165,1148820165.94531,177180.874408725,914274.965865196,2321908.47937299,39.3760121894248,2.2035,"CT",2146,"0",2122,"0006.00","35537",5024,2066,2209,"3525005",4699,"3525","0006.00",2.2035,79000
"5370007.00","2021S05075370007.00","0007.00",0.8576,"35",1,114882.0165,1148820165.94531,177180.874408725,23430.9066976424,903549.73516844,2.59320608325721,0.8576,"CT",1594,"0",1628,"0007.00","35537",3498,1586,1631,"3525005",3382,"3525","0007.00",0.8576,69500
"5370008.00","2021S05075370008.00","0008.00",0.8026,"35",1,114882.0165,1148820165.94531,177180.874408725,100766.448584368,845640.032228878,11.9159979121111,0.8026,"CT",1102,"0",1118,"0008.00","35537",2584,1098,1131,"3525005",2533,"3525","0008.00",0.8026,70000
"5370009.00","2021S05075370009.00","0009.00",0.8633,"35",1,114882.0165,1148820165.94531,177180.874408725,47019.7032839835,909573.210913779,5.16942481592508,0.8633,"CT",1421,"0",1451,"0009.00","35537",3580,1412,1473,"3525005",3601,"3525","0009.00",0.8633,73000
"5370010.00","2021S05075370010.00","0010.00",0.9053,"35",1,114882.0165,1148820165.94531,177180.874408725,87674.9426010692,953772.068574445,9.19244183068943,0.9053,"CT",1400,"0",1392,"0010.00","35537",3262,1360,1442,"3525005",3132,"3525","0010.00",0.9053,75500
"5370011.00","2021S05075370011.00","0011.00",0.8542,"35",1,114882.0165,1148820165.94531,177180.874408725,38167.2163717956,899930.678422402,4.24112848766346,0.8542,"CT",963,"0",946,"0011.00","35537",2357,924,984,"3525005",2262,"3525","0011.00",0.8542,85000
"5370012.00","2021S05075370012.00","0012.00",0.4275,"35",1,114882.0165,1148820165.94531,177180.874408725,6423.31109958436,450368.612731389,1.42623418195783,0.4275,"CT",704,"0",765,"0012.00","35537",1814,627,764,"3525005",1524,"3525","0012.00",0.4275,73500
"5370013.00","2021S05075370013.00","0013.00",1.5464,"35",1,114882.0165,1148820165.94531,177180.874408725,66862.4870813525,1629088.23515567,4.10428886775206,1.5464,"CT",1103,"0",1126,"0013.00","35537",2953,1073,1144,"3525005",2818,"3525","0013.00",1.5464,102000
"5370014.00","2021S05075370014.00","0014.00",1.1799,"35",1,114882.0165,1148820165.94531,177180.874408725,52138.9350690432,1242916.89036858,4.19488507019819,1.1799,"CT",1055,"0",1062,"0014.00","35537",2832,1042,1080,"3525005",2707,"3525","0014.00",1.1799,108000
"5370015.00","2021S05075370015.00","0015.00",0.619,"35",1,114882.0165,1148820165.94531,177180.874408725,36267.121743057,652020.498346718,5.56226711200292,0.619,"CT",590,"0",754,"0015.00","35537",1652,750,607,"3525005",1782,"3525","0015.00",0.619,103000
"5370016.00","2021S05075370016.00","0016.00",0.4583,"35",1,114882.0165,1148820165.94531,177180.874408725,32820.3910168788,482722.582542582,6.79901711745246,0.4583,"CT",294,"0",170,"0016.00","35537",1019,170,310,"3525005",506,"3525","0016.00",0.4583,1e+05
"5370017.00","2021S05075370017.00","0017.00",2.6275,"35",1,114882.0165,1148820165.94531,177180.874408725,1512054.44195426,2767612.70991139,54.6338884967279,2.6275,"CT",1348,"0",1397,"0017.00","35537",3483,1346,1414,"3525005",3459,"3525","0017.00",2.6275,141000
"5370018.00","2021S05075370018.00","0018.00",0.3753,"35",1,114882.0165,1148820165.94531,177180.874408725,5422.1346409757,395372.592854586,1.371398710727,0.3753,"CT",0,"0",0,"0018.00","35537",53,0,0,"3525005",120,"3525","0018.00",0.3753,NA
"5370019.00","2021S05075370019.00","0019.00",1.1977,"35",1,114882.0165,1148820165.94531,177180.874408725,130572.122368894,1261618.267944,10.3495744859244,1.1977,"CT",1679,"0",1760,"0019.00","35537",4053,1686,1759,"3525005",3932,"3525","0019.00",1.1977,81000
"5370020.00","2021S05075370020.00","0020.00",1.0879,"35",1,114882.0165,1148820165.94531,177180.874408725,109342.981288304,1146054.25733738,9.54082065384408,1.0879,"CT",1735,"0",1769,"0020.00","35537",4065,1717,1780,"3525005",3959,"3525","0020.00",1.0879,87000
"5370021.00","2021S05075370021.00","0021.00",1.0517,"35",1,114882.0165,1148820165.94531,177180.874408725,50394.7994484625,1107945.04796731,4.54849268390335,1.0517,"CT",2003,"0",2083,"0021.00","35537",4496,1989,2095,"3525005",4441,"3525","0021.00",1.0517,75500
"5370022.00","2021S05075370022.00","0022.00",0.9201,"35",1,114882.0165,1148820165.94531,177180.874408725,43066.8051603957,969341.038113896,4.44289506654885,0.9201,"CT",2350,"0",2418,"0022.00","35537",4761,2359,2420,"3525005",4706,"3525","0022.00",0.9201,65500
"5370023.00","2021S05075370023.00","0023.00",0.831,"35",1,114882.0165,1148820165.94531,177180.874408725,76088.2128965777,875404.311375926,8.69177954778236,0.831,"CT",948,"0",961,"0023.00","35537",2352,951,972,"3525005",2248,"3525","0023.00",0.831,94000
"5370024.00","2021S05075370024.00","0024.00",0.8024,"35",1,114882.0165,1148820165.94531,177180.874408725,10878.9363029549,845327.060539544,1.28694996419625,0.8024,"CT",1083,"0",1107,"0024.00","35537",2567,1090,1099,"3525005",2500,"3525","0024.00",0.8024,79500
"5370025.00","2021S05075370025.00","0025.00",2.2562,"35",1,114882.0165,1148820165.94531,177180.874408725,1467061.97325538,2382100.57271293,61.5869031753167,2.2562,"CT",1129,"0",1147,"0025.00","35537",2854,1140,1148,"3525005",2817,"3525","0025.00",2.2562,96000
"5370027.00","2021S05075370027.00","0027.00",0.5433,"35",1,114882.0165,1148820165.94531,177180.874408725,258526.792957911,579602.269199011,44.6041719807595,0.5433,"CT",478,"0",491,"0027.00","35537",1070,485,496,"3525005",1080,"3525","0027.00",0.5433,76500
"5370028.00","2021S05075370028.00","0028.00",0.7232,"35",1,114882.0165,1148820165.94531,177180.874408725,40086.8090363235,761851.756912178,5.26175974165857,0.7232,"CT",1245,"0",1274,"0028.00","35537",2848,1249,1275,"3525005",2712,"3525","0028.00",0.7232,77500
"5370029.00","2021S05075370029.00","0029.00",1.0174,"35",1,114882.0165,1148820165.94531,177180.874408725,60049.8185164048,1071774.17681795,5.60284244715525,1.0174,"CT",2070,"0",2057,"0029.00","35537",4571,2000,2134,"3525005",4350,"3525","0029.00",1.0174,71000
"5370030.00","2021S05075370030.00","0030.00",1.0584,"35",1,114882.0165,1148820165.94531,177180.874408725,127042.802218337,1114996.76398585,11.3940063614346,1.0584,"CT",1677,"0",1721,"0030.00","35537",4150,1658,1722,"3525005",4062,"3525","0030.00",1.0584,95000
"5370031.00","2021S05075370031.00","0031.00",0.9549,"35",1,114882.0165,1148820165.94531,177180.874408725,429102.484367723,1005927.1191305,42.6574128688993,0.9549,"CT",847,"0",890,"0031.00","35537",2036,837,894,"3525005",2070,"3525","0031.00",0.9549,92000
"5370032.00","2021S05075370032.00","0032.00",0.7444,"35",1,114882.0165,1148820165.94531,177180.874408725,151021.153723223,784078.15786799,19.2609821110014,0.7444,"CT",1502,"0",1590,"0032.00","35537",3151,1468,1610,"3525005",3180,"3525","0032.00",0.7444,56000
"5370033.00","2021S05075370033.00","0033.00",0.704,"35",1,114882.0165,1148820165.94531,177180.874408725,178785.618716074,741596.376210717,24.1082109421303,0.704,"CT",1383,"0",1544,"0033.00","35537",3201,1303,1556,"3525005",3092,"3525","0033.00",0.704,67500
"5370034.00","2021S05075370034.00","0034.00",0.9097,"35",1,114882.0165,1148820165.94531,177180.874408725,345427.222296567,958210.072519759,36.0492163673686,0.9097,"CT",3146,"0",3329,"0034.00","35537",5691,3019,3481,"3525005",5258,"3525","0034.00",0.9097,52400
"5370035.00","2021S05075370035.00","0035.00",0.4432,"35",1,114882.0165,1148820165.94531,177180.874408725,16567.3969042977,466835.749462585,3.54887065169493,0.4432,"CT",1903,"0",2083,"0035.00","35537",3969,1821,2172,"3525005",3648,"3525","0035.00",0.4432,53600
"5370036.00","2021S05075370036.00","0036.00",0.3667,"35",1,114882.0165,1148820165.94531,177180.874408725,12977.1116697474,386269.650574408,3.35959909106233,0.3667,"CT",1689,"0",1615,"0036.00","35537",3261,1374,1886,"3525005",2492,"3525","0036.00",0.3667,50800
"5370037.00","2021S05075370037.00","0037.00",0.316,"35",1,114882.0165,1148820165.94531,177180.874408725,23311.4496429666,332795.164809121,7.0047440912602,0.316,"CT",2239,"0",2152,"0037.00","35537",3183,1947,2612,"3525005",2588,"3525","0037.00",0.316,32400
"5370038.00","2021S05075370038.00","0038.00",0.3327,"35",1,114882.0165,1148820165.94531,177180.874408725,7606.73508647764,350472.217916132,2.17042455795967,0.3327,"CT",2655,"0",2805,"0038.00","35537",4172,2615,2931,"3525005",3914,"3525","0038.00",0.3327,47600
"5370039.00","2021S05075370039.00","0039.00",0.3461,"35",1,114882.0165,1148820165.94531,177180.874408725,0,364580.395191515,0,0.3461,"CT",3123,"0",3305,"0039.00","35537",5533,3044,3309,"3525005",5127,"3525","0039.00",0.3461,56800
"5370040.00","2021S05075370040.00","0040.00",0.3404,"35",1,114882.0165,1148820165.94531,177180.874408725,44196.33033594,358519.922575547,12.3274405557273,0.3404,"CT",1025,"0",1107,"0040.00","35537",2006,1055,1088,"3525005",1984,"3525","0040.00",0.3404,73000
"5370041.00","2021S05075370041.00","0041.00",0.4096,"35",1,114882.0165,1148820165.94531,177180.874408725,4759.87592549943,431417.113170211,1.10331180201038,0.4096,"CT",1224,"0",1252,"0041.00","35537",2327,1079,1363,"3525005",2168,"3525","0041.00",0.4096,56000
"5370042.00","2021S05075370042.00","0042.00",1.5176,"35",1,114882.0165,1148820165.94531,177180.874408725,44582.9957547069,1598347.99676429,2.78931721032973,1.5176,"CT",1307,"0",1312,"0042.00","35537",2853,1226,1439,"3525005",2688,"3525","0042.00",1.5176,83000
"5370043.00","2021S05075370043.00","0043.00",1.8794,"35",1,114882.0165,1148820165.94531,177180.874408725,229008.831222339,1979488.03514733,11.5690939857231,1.8794,"CT",1869,"0",2413,"0043.00","35537",4305,1493,2523,"3525005",3587,"3525","0043.00",1.8794,58000
"5370044.00","2021S05075370044.00","0044.00",1.1718,"35",1,114882.0165,1148820165.94531,177180.874408725,0,1234268.23775185,0,1.1718,"CT",2029,"0",2203,"0044.00","35537",3917,1973,2211,"3525005",3650,"3525","0044.00",1.1718,56400
"5370045.00","2021S05075370045.00","0045.00",3.2338,"35",1,114882.0165,1148820165.94531,177180.874408725,180850.091566658,3469315.83717652,5.21284599195907,3.2338,"CT",1357,"0",1944,"0045.00","35537",3285,1157,1913,"3525005",2936,"3525","0045.00",3.2338,82000
"5370046.00","2021S05075370046.00","0046.00",1.2503,"35",1,114882.0165,1148820165.94531,177180.874408725,470459.793895378,1722295.97144926,27.3158505677454,1.2503,"CT",1515,"0",1610,"0046.00","35537",3547,1389,1626,"3525005",3353,"3525","0046.00",1.2503,71000
"5370047.00","2021S05075370047.00","0047.00",1.2333,"35",1,114882.0165,1148820165.94531,177180.874408725,210841.006487065,1300240.16308869,16.2155432874967,1.2333,"CT",1721,"0",1797,"0047.00","35537",3131,1685,1836,"3525005",3140,"3525","0047.00",1.2333,54400
"5370048.00","2021S05075370048.00","0048.00",0.3705,"35",1,114882.0165,1148820165.94531,177180.874408725,35200.4219581385,390185.502570137,9.02145818495936,0.3705,"CT",969,"0",1062,"0048.00","35537",1930,950,1065,"3525005",1898,"3525","0048.00",0.3705,48000
"5370049.00","2021S05075370049.00","0049.00",0.4456,"35",1,114882.0165,1148820165.94531,177180.874408725,24007.2242264621,469268.547653104,5.1158818008423,0.4456,"CT",1619,"0",1538,"0049.00","35537",3191,1193,1920,"3525005",2422,"3525","0049.00",0.4456,42000
"5370050.00","2021S05075370050.00","0050.00",0.5519,"35",1,114882.0165,1148820165.94531,177180.874408725,20247.4752737718,581235.036401733,3.4835262855313,0.5519,"CT",1900,"0",2097,"0050.00","35537",4271,1761,2171,"3525005",3697,"3525","0050.00",0.5519,48800
"5370051.00","2021S05075370051.00","0051.00",0.5473,"35",1,114882.0165,1148820165.94531,177180.874408725,28018.1768947254,576494.690689741,4.860092789615,0.5473,"CT",1891,"0",2220,"0051.00","35537",4225,1917,2135,"3525005",4334,"3525","0051.00",0.5473,50400
"5370052.00","2021S05075370052.00","0052.00",0.5255,"35",1,114882.0165,1148820165.94531,177180.874408725,30222.209107108,553552.651398763,5.45968103137795,0.5255,"CT",1744,"0",1935,"0052.00","35537",3881,1622,1944,"3525005",3549,"3525","0052.00",0.5255,65000
"5370053.00","2021S05075370053.00","0053.00",0.4969,"35",1,114882.0165,1148820165.94531,177180.874408725,64.8995156753912,523425.420966118,0.0123989995662806,0.4969,"CT",1288,"0",1423,"0053.00","35537",3070,1301,1465,"3525005",3120,"3525","0053.00",0.4969,73000
"5370054.00","2021S05075370054.00","0054.00",0.4847,"35",1,114882.0165,1148820165.94531,177180.874408725,17040.1290494817,510590.031283708,3.33734072454176,0.4847,"CT",1183,"0",1233,"0054.00","35537",2670,1153,1273,"3525005",2560,"3525","0054.00",0.4847,72500
"5370055.00","2021S05075370055.00","0055.00",0.5397,"35",1,114882.0165,1148820165.94531,177180.874408725,11527.306955735,568509.233293933,2.02763759683304,0.5397,"CT",1261,"0",1301,"0055.00","35537",2989,1258,1298,"3525005",2920,"3525","0055.00",0.5397,79500
"5370056.00","2021S05075370056.00","0056.00",1.1353,"35",1,114882.0165,1148820165.94531,177180.874408725,125769.305914143,1195869.80737304,10.5169730967972,1.1353,"CT",1407,"0",1427,"0056.00","35537",3260,1401,1446,"3525005",3231,"3525","0056.00",1.1353,77000
"5370057.00","2021S05075370057.00","0057.00",0.5967,"35",1,114882.0165,1148820165.94531,177180.874408725,20793.9432604497,628525.892296833,3.30836700847152,0.5967,"CT",1346,"0",1418,"0057.00","35537",3022,1334,1418,"3525005",2997,"3525","0057.00",0.5967,64500
"5370058.00","2021S05075370058.00","0058.00",0.6973,"35",1,114882.0165,1148820165.94531,177180.874408725,8939.15462318102,734415.663379478,1.21717919005795,0.6973,"CT",1123,"0",1181,"0058.00","35537",2545,1060,1181,"3525005",2382,"3525","0058.00",0.6973,60800
"5370059.00","2021S05075370059.00","0059.00",0.7169,"35",1,114882.0165,1148820165.94531,177180.874408725,15840.8941148988,755069.599949381,2.09793827164553,0.7169,"CT",1261,"0",1349,"0059.00","35537",3062,1246,1383,"3525005",3026,"3525","0059.00",0.7169,68000
"5370060.00","2021S05075370060.00","0060.00",0.6695,"35",1,114882.0165,1148820165.94531,177180.874408725,72082.3678383074,705172.465585135,10.2219487226426,0.6695,"CT",1056,"0",1119,"0060.00","35537",2691,1020,1132,"3525005",2629,"3525","0060.00",0.6695,70000
"5370061.00","2021S05075370061.00","0061.00",0.5981,"35",1,114882.0165,1148820165.94531,177180.874408725,61511.7187755524,629927.976028492,9.76488124298994,0.5981,"CT",1321,"0",1468,"0061.00","35537",3356,1169,1485,"3525005",3012,"3525","0061.00",0.5981,60400
"5370062.00","2021S05075370062.00","0062.00",0.5866,"35",1,114882.0165,1148820165.94531,177180.874408725,10864.1461925431,617790.83813872,1.75854763810914,0.5866,"CT",1404,"0",1613,"0062.00","35537",3410,1345,1591,"3525005",3312,"3525","0062.00",0.5866,65500
"5370063.00","2021S05075370063.00","0063.00",0.571,"35",1,114882.0165,1148820165.94531,177180.874408725,6042.00937056838,601378.761143079,1.00469284267438,0.571,"CT",1195,"0",1483,"0063.00","35537",3147,1142,1423,"3525005",2705,"3525","0063.00",0.571,52400
"5370064.00","2021S05075370064.00","0064.00",0.5727,"35",1,114882.0165,1148820165.94531,177180.874408725,44279.5868021023,603176.2521484,7.34106932167618,0.5727,"CT",775,"0",797,"0064.00","35537",1768,702,851,"3525005",1689,"3525","0064.00",0.5727,72500
"5370065.00","2021S05075370065.00","0065.00",1.788,"35",1,114882.0165,1148820165.94531,177180.874408725,344557.512395337,1910941.58952945,18.0307715465118,1.788,"CT",994,"0",994,"0065.00","35537",2576,935,1029,"3525005",2410,"3525","0065.00",1.788,67500
"5370066.00","2021S05075370066.00","0066.00",1.4643,"35",1,114882.0165,1148820165.94531,177180.874408725,278675.788543004,1541986.42587088,18.0725189189402,1.4643,"CT",2042,"0",2306,"0066.00","35537",4816,2055,2136,"3525005",4965,"3525","0066.00",1.4643,71000
"5370067.00","2021S05075370067.00","0067.00",2.3725,"35",1,114882.0165,1148820165.94531,177180.874408725,14298.5261434714,2504080.1150029,0.571009132567422,2.3725,"CT",723,"0",762,"0067.00","35537",1948,686,760,"3525005",1855,"3525","0067.00",2.3725,74000
"5370068.00","2021S05075370068.00","0068.00",4.9509,"35",1,114882.0165,1148820165.94531,177180.874408725,691.723742246515,5232313.46485463,0.0132202274747645,4.9509,"CT",398,"0",418,"0068.00","35537",940,381,434,"3525005",857,"3525","0068.00",4.9509,61600
"5370069.00","2021S05075370069.00","0069.00",5.5383,"35",1,114882.0165,1148820165.94531,177180.874408725,8554.30494785416,6059440.43806003,0.141173183156049,5.5383,"CT",370,"0",390,"0069.00","35537",835,368,389,"3525005",851,"3525","0069.00",5.5383,66500
"5370070.00","2021S05075370070.00","0070.00",2.3861,"35",1,114882.0165,1148820165.94531,177180.874408725,201734.445900732,2598279.45992922,7.76415504998168,2.3861,"CT",879,"0",910,"0070.00","35537",2168,870,907,"3525005",2101,"3525","0070.00",2.3861,81000
"5370071.00","2021S05075370071.00","0071.00",1.8601,"35",1,114882.0165,1148820165.94531,177180.874408725,299430.285713602,1972692.59951195,15.1787605320607,1.8601,"CT",2728,"0",2860,"0071.00","35537",6349,2718,2905,"3525005",6532,"3525","0071.00",1.8601,58000
"5370073.00","2021S05075370073.00","0073.00",1.7616,"35",1,114882.0165,1148820165.94531,177180.874408725,238357.791835525,2362835.59948041,10.087785704936,1.7616,"CT",648,"0",631,"0073.00","35537",1400,546,697,"3525005",1176,"3525","0073.00",1.7616,92000
"5370200.00","2021S05075370200.00","0200.00",16.1661,"35",1,114882.0165,1148820165.94531,177180.874408725,0,56304.691028149,0,16.1661,"CT",963,"0",985,"0200.00","35537",2700,969,981,"3524002",2745,"3524","0200.00",16.1661,142000
"5370201.00","2021S05075370201.00","0201.00",6.2048,"35",1,114882.0165,1148820165.94531,177180.874408725,0,709.674349848327,0,6.2048,"CT",1636,"0",1394,"0201.00","35537",4124,1366,1720,"3524002",3605,"3524","0201.00",6.2048,106000
"5370202.00","2021S05075370202.00","0202.00",3.0414,"35",1,114882.0165,1148820165.94531,177180.874408725,0,26799.3749035997,0,3.0414,"CT",2990,"0",2955,"0202.00","35537",6353,2897,3075,"3524002",6237,"3524","0202.00",3.0414,87000
"5370203.00","2021S05075370203.00","0203.00",1.9776,"35",1,114882.0165,1148820165.94531,177180.874408725,0,11092.071276585,0,1.9776,"CT",1273,"0",1145,"0203.00","35537",2821,1138,1315,"3524002",2603,"3524","0203.00",1.9776,111000
"5370204.00","2021S05075370204.00","0204.00",1.8316,"35",1,114882.0165,1148820165.94531,177180.874408725,0,42080.9974079939,0,1.8316,"CT",2051,"0",2107,"0204.00","35537",5083,2067,2112,"3524002",5128,"3524","0204.00",1.8316,87000
"5370002.06","2021S05075370002.06","0002.06",2.6725,"35",1,114882.0165,1148820165.94531,177180.874408725,362726.511227274,2831733.0244687,12.809347070963,2.6725,"CT",1539,"0",1444,"0002.06","35537",3917,1408,1568,"3525005",3544,"3525","0002.06",2.6725,82000
"5370080.06","2021S05075370080.06","0080.06",2.1507,"35",1,114882.0165,1148820165.94531,177180.874408725,360130.463288733,2272130.48995956,15.8499023220776,2.1507,"CT",1645,"0",1654,"0080.06","35537",4952,1650,1665,"3525005",5276,"3525","0080.06",2.1507,111000
"5370080.07","2021S05075370080.07","0080.07",1.4239,"35",1,114882.0165,1148820165.94531,177180.874408725,45508.1621700204,1500788.3952667,3.032283719247,1.4239,"CT",1365,"0",978,"0080.07","35537",4534,969,1385,"3525005",3046,"3525","0080.07",1.4239,120000
"5370101.02","2021S05075370101.02","0101.02",64.8969,"35",1,114882.0165,1148820165.94531,177180.874408725,298691.830276575,69266090.0672963,0.431223748859475,64.8969,"CT",1529,"0",1554,"0101.02","35537",4614,1510,1564,"3525005",4514,"3525","0101.02",64.8969,123000
"5370144.01","2021S05075370144.01","0144.01",61.0528,"35",1,114882.0165,1148820165.94531,177180.874408725,731617.882801137,65520107.7155326,1.11663107450554,61.0528,"CT",1803,"0",1741,"0144.01","35537",5305,1704,1855,"3525005",5161,"3525","0144.01",61.0528,149000
"5370144.02","2021S05075370144.02","0144.02",34.0386,"35",1,114882.0165,1148820165.94531,177180.874408725,199320.124909075,35845082.0403357,0.556059893194789,34.0386,"CT",627,"0",667,"0144.02","35537",1856,658,645,"3525005",1947,"3525","0144.02",34.0386,130000
"5370224.02","2021S05075370224.02","0224.02",83.5286,"35",1,114882.0165,1148820165.94531,177180.874408725,0,16545.5344896282,0,83.5286,"CT",1316,"0",1451,"0224.02","35537",4014,1350,1453,"3524002",3965,"3524","0224.02",83.5286,158000
"5500101.00","2021S05075500101.00","0101.00",214.8178,"35",1,114882.0165,1148820165.94531,177180.874408725,0,3574.60427501658,0,NA,NA,NA,NA,NA,NA,NA,NA,NA,NA,NA,NA,NA,NA,NA,NA
"5370081.00","2021S05075370081.00","0081.00",0.9855,"35",1,114882.0165,1148820165.94531,177180.874408725,176003.395637348,1038441.43806362,16.9488031954446,0.9855,"CT",1110,"0",1123,"0081.00","35537",2308,1099,1131,"3525005",2340,"3525","0081.00",0.9855,75500
"5370082.00","2021S05075370082.00","0082.00",1.1503,"35",1,114882.0165,1148820165.94531,177180.874408725,174819.405508222,1211947.7533206,14.4246651746526,1.1503,"CT",1761,"0",1749,"0082.00","35537",3608,1702,1839,"3525005",3526,"3525","0082.00",1.1503,62400
"5370083.00","2021S05075370083.00","0083.00",0.8586,"35",1,114882.0165,1148820165.94531,177180.874408725,17669.0577180094,904678.075970872,1.95307681122343,0.8586,"CT",1307,"0",1184,"0083.00","35537",2604,1151,1345,"3525005",2378,"3525","0083.00",0.8586,59600
"5370121.00","2021S05075370121.00","0121.00",63.2329,"35",1,114882.0165,1148820165.94531,177180.874408725,106663.349580105,66900989.3311724,0.159434637135337,63.2329,"CT",632,"0",665,"0121.00","35537",1828,632,666,"3525005",1812,"3525","0121.00",63.2329,124000
"5370124.00","2021S05075370124.00","0124.00",14.6299,"35",1,114882.0165,1148820165.94531,177180.874408725,73108.8114969542,15457151.0877503,0.472977271697192,14.6299,"CT",1645,"0",1751,"0124.00","35537",4366,1693,1702,"3525005",4505,"3525","0124.00",14.6299,123000
"5370131.00","2021S05075370131.00","0131.00",11.5088,"35",1,114882.0165,1148820165.94531,177180.874408725,238812.663240736,13521363.5645963,1.76618772285682,11.5088,"CT",1871,"0",1905,"0131.00","35537",4521,1855,1914,"3525005",4601,"3525","0131.00",11.5088,104000
"5370132.00","2021S05075370132.00","0132.00",1.1019,"35",1,114882.0165,1148820165.94531,177180.874408725,133085.642080823,1160350.19276299,11.4694376672549,1.1019,"CT",1597,"0",1581,"0132.00","35537",3119,1532,1655,"3525005",3010,"3525","0132.00",1.1019,67500
"5370141.00","2021S05075370141.00","0141.00",38.0264,"35",1,114882.0165,1148820165.94531,177180.874408725,532437.161514769,40655399.3315336,1.30963456335256,38.0264,"CT",1455,"0",1486,"0141.00","35537",4035,1450,1492,"3525005",3993,"3525","0141.00",38.0264,129000
"5370143.00","2021S05075370143.00","0143.00",78.5762,"35",1,114882.0165,1148820165.94531,177180.874408725,121564.605180931,83097736.4146953,0.146291115048272,78.5762,"CT",1296,"0",1398,"0143.00","35537",3812,1355,1355,"3525005",3835,"3525","0143.00",78.5762,123000
"5430101.00","2021S05075430101.00","0101.00",101.7545,"35",1,114882.0165,1148820165.94531,177180.874408725,0,20697.6511242358,0,NA,NA,NA,NA,NA,NA,NA,NA,NA,NA,NA,NA,NA,NA,NA,NA
"5350620.13","2021S05075350620.13","0620.13",126.5048,"35",1,114882.0165,1148820165.94531,177180.874408725,0,7784.89423025038,0,NA,NA,NA,NA,NA,NA,NA,NA,NA,NA,NA,NA,NA,NA,NA,NA
"5370120.03","2021S05075370120.03","0120.03",2.3119,"35",1,114882.0165,1148820165.94531,177180.874408725,170649.510263537,2436448.18376765,7.00402788782682,2.3119,"CT",2192,"0",2206,"0120.03","35537",6807,2185,2224,"3525005",6871,"3525","0120.03",2.3119,132000
"5370120.04","2021S05075370120.04","0120.04",3.2749,"35",1,114882.0165,1148820165.94531,177180.874408725,242217.788234851,3450591.93671336,7.01960106200096,3.2749,"CT",2527,"0",1878,"0120.04","35537",8047,1844,2663,"3525005",6049,"3525","0120.04",3.2749,123000
"5370300.00","2021S05075370300.00","0300.00",45.898,"35",1,114882.0165,1148820165.94531,177180.874408725,0,8113.47472084475,0,45.898,"CT",714,"0",715,"0300.00","35537",2082,691,737,"3526065",1993,"3526","0300.00",45.898,113000
"5370001.01","2021S05075370001.01","0001.01",5.5072,"35",1,114882.0165,1148820165.94531,177180.874408725,518733.702342899,5812381.13783692,8.92463329643153,5.5072,"CT",728,"0",772,"0001.01","35537",2133,766,747,"3525005",2193,"3525","0001.01",5.5072,104000
"5370001.02","2021S05075370001.02","0001.02",1.2922,"35",1,114882.0165,1148820165.94531,177180.874408725,58173.0652135971,1361899.10237696,4.27146659485024,1.2922,"CT",1776,"0",1784,"0001.02","35537",5366,1760,1798,"3525005",5302,"3525","0001.02",1.2922,102000
"5370002.01","2021S05075370002.01","0002.01",1.4845,"35",1,114882.0165,1148820165.94531,177180.874408725,62595.1895071652,1564091.80207878,4.00201506228549,1.4845,"CT",1665,"0",1639,"0002.01","35537",5271,1614,1691,"3525005",5122,"3525","0002.01",1.4845,113000
"5370002.03","2021S05075370002.03","0002.03",0.7711,"35",1,114882.0165,1148820165.94531,177180.874408725,22012.4243691969,812481.10376347,2.70928447039984,0.7711,"CT",1082,"0",1095,"0002.03","35537",2963,1082,1099,"3525005",3069,"3525","0002.03",0.7711,91000
"5370003.01","2021S05075370003.01","0003.01",1.2168,"35",1,114882.0165,1148820165.94531,177180.874408725,195193.06213919,1281790.77137978,15.2281531820575,1.2168,"CT",1976,"0",1997,"0003.01","35537",5081,1975,2005,"3525005",5224,"3525","0003.01",1.2168,83000
"5370003.02","2021S05075370003.02","0003.02",0.8706,"35",1,114882.0165,1148820165.94531,177180.874408725,44692.9264720603,917218.00656134,4.87266125962949,0.8706,"CT",1302,"0",1317,"0003.02","35537",3551,1314,1323,"3525005",3494,"3525","0003.02",0.8706,84000
"5370003.03","2021S05075370003.03","0003.03",0.734,"35",1,114882.0165,1148820165.94531,177180.874408725,67647.9626042233,773307.950930719,8.74786849440837,0.734,"CT",1090,"0",1108,"0003.03","35537",3181,1099,1115,"3525005",3264,"3525","0003.03",0.734,84000
"5370003.04","2021S05075370003.04","0003.04",1.7428,"35",1,114882.0165,1148820165.94531,177180.874408725,118939.645170456,1836171.26473231,6.47758994244994,1.7428,"CT",2267,"0",2310,"0003.04","35537",6124,2247,2321,"3525005",5832,"3525","0003.04",1.7428,76500
"5370004.01","2021S05075370004.01","0004.01",0.9803,"35",1,114882.0165,1148820165.94531,177180.874408725,29001.7688106675,1032825.68839132,2.80800227343679,0.9803,"CT",1362,"0",1385,"0004.01","35537",3296,1369,1395,"3525005",3243,"3525","0004.01",0.9803,67500
"5370004.02","2021S05075370004.02","0004.02",1.0003,"35",1,114882.0165,1148820165.94531,177180.874408725,53664.187061348,1053900.85321405,5.09195783433423,1.0003,"CT",1679,"0",1693,"0004.02","35537",4310,1676,1706,"3525005",4189,"3525","0004.02",1.0003,72000
"5370005.01","2021S05075370005.01","0005.01",1.8505,"35",1,114882.0165,1148820165.94531,177180.874408725,74235.021380527,1949749.67956838,3.807412928872,1.8505,"CT",2337,"0",2379,"0005.01","35537",6021,2338,2398,"3525005",6111,"3525","0005.01",1.8505,75500
"5370005.02","2021S05075370005.02","0005.02",0.9478,"35",1,114882.0165,1148820165.94531,177180.874408725,120877.711328747,998653.993162837,12.1040632848135,0.9478,"CT",1387,"0",1415,"0005.02","35537",3773,1414,1419,"3525005",3893,"3525","0005.02",0.9478,84000
"5370005.03","2021S05075370005.03","0005.03",0.9407,"35",1,114882.0165,1148820165.94531,177180.874408725,40909.4027690509,991203.356836548,4.12724618887635,0.9407,"CT",1514,"0",1530,"0005.03","35537",3945,1518,1535,"3525005",4003,"3525","0005.03",0.9407,84000
"5370026.01","2021S05075370026.01","0026.01",0.9437,"35",1,114882.0165,1148820165.94531,177180.874408725,136790.129041957,998491.955151248,13.6996726249273,0.9437,"CT",1648,"0",1686,"0026.01","35537",3476,1656,1692,"3525005",3397,"3525","0026.01",0.9437,59200
"5370026.02","2021S05075370026.02","0026.02",0.6197,"35",1,114882.0165,1148820165.94531,177180.874408725,72181.8659646796,652915.336828976,11.055317878616,0.6197,"CT",877,"0",904,"0026.02","35537",1839,893,892,"3525005",1819,"3525","0026.02",0.6197,48400
"5370026.03","2021S05075370026.03","0026.03",0.9694,"35",1,114882.0165,1148820165.94531,177180.874408725,136886.299212083,1021452.083831,13.4011473840931,0.9694,"CT",788,"0",723,"0026.03","35537",2308,720,796,"3525005",2056,"3525","0026.03",0.9694,109000
"5370026.04","2021S05075370026.04","0026.04",1.0022,"35",1,114882.0165,1148820165.94531,177180.874408725,203240.53975997,1059387.2252845,19.1847263124576,1.0022,"CT",626,"0",631,"0026.04","35537",1578,624,632,"3525005",1534,"3525","0026.04",1.0022,91000
"5370026.05","2021S05075370026.05","0026.05",2.7311,"35",1,114882.0165,1148820165.94531,177180.874408725,1454133.53704776,2884932.11477153,50.4044282221497,2.7311,"CT",1648,"0",1740,"0026.05","35537",4009,1686,1734,"3525005",4100,"3525","0026.05",2.7311,72500
"5370072.01","2021S05075370072.01","0072.01",4.6202,"35",1,114882.0165,1148820165.94531,177180.874408725,1313273.77892074,5003944.89756201,26.2447689933714,4.6202,"CT",47,"0",50,"0072.01","35537",118,47,48,"3525005",115,"3525","0072.01",4.6202,NA
"5370072.02","2021S05075370072.02","0072.02",1.389,"35",1,114882.0165,1148820165.94531,177180.874408725,249779.36134471,1472499.95353743,16.9629452785148,1.389,"CT",1761,"0",1824,"0072.02","35537",4007,1771,1816,"3525005",3993,"3525","0072.02",1.389,54000
"5370072.03","2021S05075370072.03","0072.03",0.7071,"35",1,114882.0165,1148820165.94531,177180.874408725,92975.6097131052,744908.851016499,12.4814746913305,0.7071,"CT",2800,"0",2920,"0072.03","35537",6804,2733,2897,"3525005",6550,"3525","0072.03",0.7071,58000
"5370072.04","2021S05075370072.04","0072.04",0.9003,"35",1,114882.0165,1148820165.94531,177180.874408725,241261.250585225,948523.585122776,25.4354508806437,0.9003,"CT",1242,"0",1264,"0072.04","35537",3416,1245,1257,"3525005",3391,"3525","0072.04",0.9003,85000
"5370080.01","2021S05075370080.01","0080.01",54.7913,"35",1,114882.0165,1148820165.94531,177180.874408725,493378.7512252,57929267.0983168,0.851691685288964,54.7913,"CT",779,"0",804,"0080.01","35537",2238,776,814,"3525005",2197,"3525","0080.01",54.7913,108000
"5370084.01","2021S05075370084.01","0084.01",1.0027,"35",1,114882.0165,1148820165.94531,177180.874408725,49198.2234131032,1056435.42637687,4.6570024238805,1.0027,"CT",976,"0",1000,"0084.01","35537",2703,983,1007,"3525005",2688,"3525","0084.01",1.0027,93000
"5370084.02","2021S05075370084.02","0084.02",0.9998,"35",1,114882.0165,1148820165.94531,177180.874408725,130034.90851098,1053467.17257979,12.3435178518704,0.9998,"CT",1250,"0",1274,"0084.02","35537",3090,1263,1269,"3525005",3099,"3525","0084.02",0.9998,83000
"5370207.01","2021S05075370207.01","0207.01",5.2131,"35",1,114882.0165,1148820165.94531,177180.874408725,0,572.358897310122,0,5.2131,"CT",2416,"0",2443,"0207.01","35537",6514,2428,2453,"3524002",6520,"3524","0207.01",5.2131,119000
"5370080.03","2021S05075370080.03","0080.03",4.798,"35",1,114882.0165,1148820165.94531,177180.874408725,499165.369702423,5073598.3615128,9.83848807365166,4.798,"CT",2724,"0",2188,"0080.03","35537",8406,2168,2760,"3525005",6339,"3525","0080.03",4.798,106000
"5350626.00","2021S05075350626.00","0626.00",190.3368,"35",1,114882.0165,1148820165.94531,177180.874408725,0,1230.80191183187,0,NA,NA,NA,NA,NA,NA,NA,NA,NA,NA,NA,NA,NA,NA,NA,NA
"5370133.01","2021S05075370133.01","0133.01",4.0932,"35",1,114882.0165,1148820165.94531,177180.874408725,209171.556369399,4312212.06708245,4.85067879583483,4.0932,"CT",1172,"0",1194,"0133.01","35537",3223,1183,1191,"3525005",3444,"3525","0133.01",4.0932,147000
"5370133.02","2021S05075370133.02","0133.02",2.378,"35",1,114882.0165,1148820165.94531,177180.874408725,179215.02135242,2504324.19634912,7.15622288894086,2.378,"CT",2496,"0",2587,"0133.02","35537",6120,2522,2567,"3525005",5879,"3525","0133.02",2.378,91000
"5370001.04","2021S05075370001.04","0001.04",1.7029,"35",1,114882.0165,1148820165.94531,177180.874408725,170281.952687678,1794602.78548456,9.4885594776172,1.7029,"CT",1947,"0",1930,"0001.04","35537",6603,1897,1977,"3525005",6305,"3525","0001.04",1.7029,112000
"5370001.05","2021S05075370001.05","0001.05",1.5511,"35",1,114882.0165,1148820165.94531,177180.874408725,56027.2045230991,1635202.03201282,3.42631695816409,1.5511,"CT",1749,"0",1624,"0001.05","35537",5697,1619,1770,"3525005",5344,"3525","0001.05",1.5511,99000
"5370001.06","2021S05075370001.06","0001.06",1.4787,"35",1,114882.0165,1148820165.94531,177180.874408725,270451.622898088,1558203.34003329,17.3566322154277,1.4787,"CT",1619,"0",1623,"0001.06","35537",5154,1609,1632,"3525005",5191,"3525","0001.06",1.4787,111000
"5370085.01","2021S05075370085.01","0085.01",2.5643,"35",1,114882.0165,1148820165.94531,177180.874408725,53112.1701186731,2702763.13296317,1.96510635619199,2.5643,"CT",1430,"0",1439,"0085.01","35537",4002,1428,1449,"3525005",4192,"3525","0085.01",2.5643,116000
"5370085.02","2021S05075370085.02","0085.02",1.7346,"35",1,114882.0165,1148820165.94531,177180.874408725,163643.076822806,1827850.07573577,8.95276253753658,1.7346,"CT",2208,"0",2249,"0085.02","35537",6454,2233,2240,"3525005",6528,"3525","0085.02",1.7346,106000
"5370085.03","2021S05075370085.03","0085.03",8.0152,"35",1,114882.0165,1148820165.94531,177180.874408725,60445.2414750685,8430362.2402185,0.716994593502803,8.0152,"CT",1577,"0",1628,"0085.03","35537",4348,1572,1649,"3525005",4120,"3525","0085.03",8.0152,109000
"5370001.07","2021S05075370001.07","0001.07",0.7565,"35",1,114882.0165,1148820165.94531,177180.874408725,134859.428071658,797204.492479687,16.9165414073596,0.7565,"CT",1259,"0",1274,"0001.07","35537",3621,1268,1280,"3525005",3725,"3525","0001.07",0.7565,85000
"5370084.03","2021S05075370084.03","0084.03",0.9603,"35",1,114882.0165,1148820165.94531,177180.874408725,122485.888823042,1011832.3106815,12.1053545661676,0.9603,"CT",757,"0",763,"0084.03","35537",2014,752,767,"3525005",2022,"3525","0084.03",0.9603,93000
"5370084.04","2021S05075370084.04","0084.04",2.4649,"35",1,114882.0165,1148820165.94531,177180.874408725,17107.5911196408,2609465.68177178,0.655597474959897,2.4649,"CT",1582,"0",959,"0084.04","35537",3127,950,1660,"3525005",1887,"3525","0084.04",2.4649,79000
"5370026.06","2021S05075370026.06","0026.06",1.168,"35",1,114882.0165,1148820165.94531,177180.874408725,315688.073771041,1230639.71580104,25.6523554146436,1.168,"CT",2300,"0",2159,"0026.06","35537",6125,2061,2380,"3525005",5436,"3525","0026.06",1.168,78500
"5370002.04","2021S05075370002.04","0002.04",0.9836,"35",1,114882.0165,1148820165.94531,177180.874408725,64811.1517179898,1036313.51226207,6.25401009936845,0.9836,"CT",1545,"0",1556,"0002.04","35537",4582,1541,1573,"3525005",4629,"3525","0002.04",0.9836,104000
"5370084.05","2021S05075370084.05","0084.05",0.9182,"35",1,114882.0165,1148820165.94531,177180.874408725,45297.8850492227,967347.459823162,4.68269023598857,0.9182,"CT",1063,"0",1053,"0084.05","35537",3031,1033,1076,"3525005",3002,"3525","0084.05",0.9182,94000
"5370080.05","2021S05075370080.05","0080.05",3.4482,"35",1,114882.0165,1148820165.94531,177180.874408725,176524.569255451,3636453.85856138,4.85430521385155,3.4482,"CT",2661,"0",2138,"0080.05","35537",8587,2118,2710,"3525005",7111,"3525","0080.05",3.4482,119000
"5370122.01","2021S05075370122.01","0122.01",2.8326,"35",1,114882.0165,1148820165.94531,177180.874408725,327783.219538842,2992081.48564469,10.9550231539973,2.8326,"CT",2149,"0",1991,"0122.01","35537",5731,1977,2197,"3525005",5386,"3525","0122.01",2.8326,127000
"5370122.02","2021S05075370122.02","0122.02",5.9998,"35",1,114882.0165,1148820165.94531,177180.874408725,838174.291531758,6321780.11992253,13.2585169941347,5.9998,"CT",2306,"0",2311,"0122.02","35537",6529,2295,2341,"3525005",6724,"3525","0122.02",5.9998,151000
"5370130.02","2021S05075370130.02","0130.02",2.6,"35",1,114882.0165,1148820165.94531,177180.874408725,91600.929533356,2738430.71411961,3.34501541561934,2.6,"CT",1418,"0",1522,"0130.02","35537",3844,1508,1432,"3525005",3966,"3525","0130.02",2.6,131000
"5370130.03","2021S05075370130.03","0130.03",2.0863,"35",1,114882.0165,1148820165.94531,177180.874408725,202070.208690905,2197338.85623957,9.19613322802291,2.0863,"CT",1435,"0",1336,"0130.03","35537",3327,1317,1465,"3525005",3543,"3525","0130.03",2.0863,103000
"5370142.01","2021S05075370142.01","0142.01",122.3678,"35",1,114882.0165,1148820165.94531,177180.874408725,55095.6725847784,129166645.701757,0.0426547211824274,122.3678,"CT",1329,"0",1360,"0142.01","35537",3967,1328,1368,"3525005",3898,"3525","0142.01",122.3678,120000
"5370142.02","2021S05075370142.02","0142.02",137.7485,"35",1,114882.0165,1148820165.94531,177180.874408725,1898469.33536793,145929680.292898,1.30094805358134,137.7485,"CT",1653,"0",1663,"0142.02","35537",4030,1631,1699,"3525005",4004,"3525","0142.02",137.7485,91000
"5410140.01","2021S05075410140.01","0140.01",174.0211,"35",1,114882.0165,1148820165.94531,177180.874408725,0,818636.584465178,0,NA,NA,NA,NA,NA,NA,NA,NA,NA,NA,NA,NA,NA,NA,NA,NA
"5370140.05","2021S05075370140.05","0140.05",5.0193,"35",1,114882.0165,1148820165.94531,177180.874408725,137209.830458652,5289528.97522671,2.59398958019266,5.0193,"CT",1212,"0",884,"0140.05","35537",3551,878,1243,"3525005",2503,"3525","0140.05",5.0193,132000
"5370140.06","2021S05075370140.06","0140.06",1.8492,"35",1,114882.0165,1148820165.94531,177180.874408725,159264.966458094,1946248.62350648,8.18317683231817,1.8492,"CT",1643,"0",1648,"0140.06","35537",4981,1646,1656,"3525005",5076,"3525","0140.06",1.8492,147000
"5370002.07","2021S05075370002.07","0002.07",1.3154,"35",1,114882.0165,1148820165.94531,177180.874408725,212507.717311809,1396548.57232095,15.2166363221179,1.3154,"CT",1532,"0",1638,"0002.07","35537",4961,1636,1552,"3525005",5189,"3525","0002.07",1.3154,117000
"5370002.08","2021S05075370002.08","0002.08",0.6381,"35",1,114882.0165,1148820165.94531,177180.874408725,67397.1204241322,674394.340276541,9.99372568822204,0.6381,"CT",932,"0",677,"0002.08","35537",2941,672,943,"3525005",2436,"3525","0002.08",0.6381,119000
"5370101.03","2021S05075370101.03","0101.03",6.2169,"35",1,114882.0165,1148820165.94531,177180.874408725,48887.1207984805,6572411.58039382,0.74382317967298,6.2169,"CT",2269,"0",2215,"0101.03","35537",4816,2210,2290,"3525005",4646,"3525","0101.03",6.2169,88000
"5370101.04","2021S05075370101.04","0101.04",21.4588,"35",1,114882.0165,1148820165.94531,177180.874408725,88234.7892293581,22680371.4686486,0.389035908654875,21.4588,"CT",987,"0",1041,"0101.04","35537",3146,1020,1002,"3525005",3175,"3525","0101.04",21.4588,123000
"5370100.03","2021S05075370100.03","0100.03",11.1532,"35",1,114882.0165,1148820165.94531,177180.874408725,121006.756438227,11772296.0886009,1.02789426571931,11.1532,"CT",2204,"0",1464,"0100.03","35537",7631,1438,2232,"3525005",4726,"3525","0100.03",11.1532,119000
"5370100.04","2021S05075370100.04","0100.04",22.0294,"35",1,114882.0165,1148820165.94531,177180.874408725,605254.441674141,23288987.0901375,2.59888693025407,22.0294,"CT",2104,"0",1730,"0100.04","35537",6399,1712,2133,"3525005",4909,"3525","0100.04",22.0294,120000
"5370100.05","2021S05075370100.05","0100.05",6.0914,"35",1,114882.0165,1148820165.94531,177180.874408725,63367.9957876062,6431338.41538892,0.985300285800217,6.0914,"CT",1559,"0",1526,"0100.05","35537",5115,1493,1573,"3525005",4622,"3525","0100.05",6.0914,126000
"5370100.06","2021S05075370100.06","0100.06",71.2297,"35",1,114882.0165,1148820165.94531,177180.874408725,30303.272626392,76580613.2838069,0.0395704230182754,71.2297,"CT",1216,"0",1206,"0100.06","35537",3352,1178,1243,"3525005",3269,"3525","0100.06",71.2297,108000
"5370086.01","2021S05075370086.01","0086.01",8.146,"35",1,114882.0165,1148820165.94531,177180.874408725,107192.816042592,8579481.26000301,1.24940905859097,8.146,"CT",1435,"0",1383,"0086.01","35537",4303,1363,1476,"3525005",4076,"3525","0086.01",8.146,120000
"5370086.02","2021S05075370086.02","0086.02",3.7194,"35",1,114882.0165,1148820165.94531,177180.874408725,127091.80539217,3960605.14954562,3.20889865546812,3.7194,"CT",1937,"0",1835,"0086.02","35537",6185,1818,1964,"3525005",5643,"3525","0086.02",3.7194,130000
"5370123.01","2021S05075370123.01","0123.01",3.1855,"35",1,114882.0165,1148820165.94531,177180.874408725,313742.074102831,3357734.11292125,9.34386296090232,3.1855,"CT",1170,"0",1113,"0123.01","35537",3393,1093,1192,"3525005",3224,"3525","0123.01",3.1855,133000
"5370123.02","2021S05075370123.02","0123.02",4.2635,"35",1,114882.0165,1148820165.94531,177180.874408725,102166.938278439,4494641.52234767,2.27308313177944,4.2635,"CT",1915,"0",1629,"0123.02","35537",5456,1590,1962,"3525005",4501,"3525","0123.02",4.2635,137000
"5370140.07","2021S05075370140.07","0140.07",5.36,"35",1,114882.0165,1148820165.94531,177180.874408725,960679.880876462,5656282.72505918,16.9842974188743,5.36,"CT",2385,"0",2455,"0140.07","35537",6701,2442,2418,"3525005",6758,"3525","0140.07",5.36,117000
"5370140.08","2021S05075370140.08","0140.08",4.883,"35",1,114882.0165,1148820165.94531,177180.874408725,142599.886637831,5101709.91546763,2.79513906122904,4.883,"CT",1635,"0",620,"0140.08","35537",4761,603,1757,"3525005",1847,"3525","0140.08",4.883,129000
"5370301.01","2021S05075370301.01","0301.01",9.2212,"35",1,114882.0165,1148820165.94531,177180.874408725,0,10271.5283797968,0,9.2212,"CT",2326,"0",1502,"0301.01","35537",5527,1463,2400,"3526065",3821,"3526","0301.01",9.2212,96000
